ClosingTime,tx_count,hour,day_of_week,month,quarter,year,is_weekend,tx_count_lag_1,tx_count_lag_2,tx_count_lag_3,tx_count_lag_7,tx_count_lag_14,tx_count_lag_30,tx_count_rolling_mean_7,tx_count_rolling_std_7,tx_count_rolling_min_7,tx_count_rolling_max_7,tx_count_rolling_mean_14,tx_count_rolling_std_14,tx_count_rolling_min_14,tx_count_rolling_max_14,tx_count_rolling_mean_30,tx_count_rolling_std_30,tx_count_rolling_min_30,tx_count_rolling_max_30,tx_count_rolling_mean_90,tx_count_rolling_std_90,tx_count_rolling_min_90,tx_count_rolling_max_90
1989-03-03,4967,0,4,3,1,1989,0,,,,,,,,,,,,,,,,,,,,,,
1989-03-04,23439,0,5,3,1,1989,1,4967.0,,,,,,,,,,,,,,,,,,,,,
1989-03-05,23809,0,6,3,1,1989,1,23439.0,4967.0,,,,,,,,,,,,,,,,,,,,
1989-03-06,23665,0,0,3,1,1989,0,23809.0,23439.0,4967.0,,,,,,,,,,,,,,,,,,,
1989-03-07,23907,0,1,3,1,1989,0,23665.0,23809.0,23439.0,,,,,,,,,,,,,,,,,,,
1989-03-08,23873,0,2,3,1,1989,0,23907.0,23665.0,23809.0,,,,,,,,,,,,,,,,,,,
1989-03-09,23869,0,3,3,1,1989,0,23873.0,23907.0,23665.0,,,,21075.571428571428,7105.097673669304,4967.0,23907.0,,,,,,,,,,,,
1989-03-10,23885,0,4,3,1,1989,0,23869.0,23873.0,23907.0,4967.0,,,23778.14285714286,170.3167916672229,23439.0,23907.0,,,,,,,,,,,,
1989-03-11,23978,0,5,3,1,1989,1,23885.0,23869.0,23873.0,23439.0,,,23855.14285714286,97.8679868861617,23665.0,23978.0,,,,,,,,,,,,
1989-03-12,23798,0,6,3,1,1989,1,23978.0,23885.0,23869.0,23809.0,,,23853.571428571428,98.81608698803103,23665.0,23978.0,,,,,,,,,,,,
1989-03-13,23636,0,0,3,1,1989,0,23798.0,23978.0,23885.0,23665.0,,,23849.428571428572,108.20175159222792,23636.0,23978.0,,,,,,,,,,,,
1989-03-14,23539,0,1,3,1,1989,0,23636.0,23798.0,23978.0,23907.0,,,23796.85714285714,154.89289694436255,23539.0,23978.0,,,,,,,,,,,,
1989-03-15,23833,0,2,3,1,1989,0,23539.0,23636.0,23798.0,23873.0,,,23791.14285714286,152.3323434374666,23539.0,23978.0,,,,,,,,,,,,
1989-03-16,23804,0,3,3,1,1989,0,23833.0,23539.0,23636.0,23869.0,,,23781.85714285714,148.73402275141004,23539.0,23978.0,22428.714285714286,5028.083798159959,4967.0,23978.0,,,,,,,,
1989-03-17,24225,0,4,3,1,1989,0,23804.0,23833.0,23539.0,23885.0,4967.0,,23830.428571428572,224.33372249313385,23539.0,24225.0,23804.285714285714,193.2652336801948,23439.0,24225.0,,,,,,,,
1989-03-18,24040,0,5,3,1,1989,1,24225.0,23804.0,23833.0,23978.0,23439.0,,23839.285714285714,232.21664761291052,23539.0,24225.0,23847.214285714286,171.39615764991083,23539.0,24225.0,,,,,,,,
1989-03-19,23990,0,6,3,1,1989,1,24040.0,24225.0,23804.0,23798.0,23809.0,,23866.714285714286,237.79943529911588,23539.0,24225.0,23860.14285714286,175.0788205540687,23539.0,24225.0,,,,,,,,
1989-03-20,23684,0,0,3,1,1989,0,23990.0,24040.0,24225.0,23636.0,23665.0,,23873.571428571428,230.62152049254328,23539.0,24225.0,23861.5,173.5164589843624,23539.0,24225.0,,,,,,,,
1989-03-21,23444,0,1,3,1,1989,0,23684.0,23990.0,24040.0,23539.0,23907.0,,23860.0,255.08887340168394,23444.0,24225.0,23828.428571428572,205.37534654150403,23444.0,24225.0,,,,,,,,
1989-03-22,23195,0,2,3,1,1989,0,23444.0,23684.0,23990.0,23833.0,23873.0,,23768.85714285714,359.1120663393027,23195.0,24225.0,23780.0,265.26300446626686,23195.0,24225.0,,,,,,,,
1989-03-23,24422,0,3,3,1,1989,0,23195.0,23444.0,23684.0,23804.0,23869.0,,23857.14285714286,436.7624940290584,23195.0,24422.0,23819.5,315.8794195453663,23195.0,24422.0,,,,,,,,
1989-03-24,24226,0,4,3,1,1989,0,24422.0,23195.0,23444.0,24225.0,23885.0,,23857.285714285714,436.90300765186436,23195.0,24422.0,23843.85714285714,333.9488346675795,23195.0,24422.0,,,,,,,,
1989-03-25,23883,0,5,3,1,1989,1,24226.0,24422.0,23195.0,24040.0,23978.0,,23834.85714285714,429.934269616279,23195.0,24422.0,23837.071428571428,331.9727663264378,23195.0,24422.0,,,,,,,,
1989-03-26,23810,0,6,3,1,1989,1,23883.0,24226.0,24422.0,23990.0,23798.0,,23809.14285714286,424.456683526698,23195.0,24422.0,23837.928571428572,331.8796038152714,23195.0,24422.0,,,,,,,,
1989-03-27,23780,0,0,3,1,1989,0,23810.0,23883.0,24226.0,23684.0,23636.0,,23822.85714285714,421.27838324614214,23195.0,24422.0,23848.214285714286,327.3403729762493,23195.0,24422.0,,,,,,,,
1989-03-28,24246,0,1,3,1,1989,0,23780.0,23810.0,23883.0,23444.0,23539.0,,23937.428571428572,409.97636401093456,23195.0,24422.0,23898.714285714286,330.4878511840197,23195.0,24422.0,,,,,,,,
1989-03-29,24203,0,2,3,1,1989,0,24246.0,23780.0,23810.0,23195.0,23833.0,,24081.428571428572,252.5403315267206,23780.0,24422.0,23925.14285714286,339.49982602078484,23195.0,24422.0,,,,,,,,
1989-03-30,23253,0,3,3,1,1989,0,24203.0,24246.0,23780.0,24422.0,23804.0,,23914.428571428572,355.37344542648793,23253.0,24246.0,23885.785714285714,383.6862056363443,23195.0,24422.0,,,,,,,,
1989-03-31,23153,0,4,3,1,1989,0,23253.0,24203.0,24246.0,24226.0,24225.0,,23761.14285714286,423.4703565270542,23153.0,24246.0,23809.214285714286,416.3597147754826,23153.0,24422.0,,,,,,,,
1989-04-01,23726,0,5,4,2,1989,1,23153.0,23253.0,24203.0,23883.0,24040.0,,23738.714285714286,420.0847986957464,23153.0,24246.0,23786.785714285714,411.39914710870136,23153.0,24422.0,23176.066666666666,3452.8809353962656,4967.0,24422.0,,,,
1989-04-02,23277,0,6,4,2,1989,1,23726.0,23153.0,23253.0,23810.0,23990.0,4967.0,23662.571428571428,452.095438723168,23153.0,24246.0,23735.85714285714,428.1007892007361,23153.0,24422.0,23786.4,322.38824313295646,23153.0,24422.0,,,,
1989-04-03,23152,0,0,4,2,1989,0,23277.0,23726.0,23153.0,23780.0,23684.0,23439.0,23572.85714285714,485.9517906718232,23152.0,24246.0,23697.85714285714,455.77471782296107,23152.0,24422.0,23776.833333333332,336.9806178129813,23152.0,24422.0,,,,
1989-04-04,23128,0,1,4,2,1989,0,23152.0,23277.0,23726.0,24246.0,23444.0,23809.0,23413.14285714286,404.7861281267167,23128.0,24203.0,23675.285714285714,476.6597607020476,23128.0,24422.0,23754.133333333335,357.07690018214174,23128.0,24422.0,,,,
1989-04-05,23018,0,2,4,2,1989,0,23128.0,23152.0,23277.0,24203.0,23195.0,23665.0,23243.85714285714,229.0454311350018,23018.0,23726.0,23662.64285714286,492.4640724330743,23018.0,24422.0,23732.566666666666,381.3590654247227,23018.0,24422.0,,,,
1989-04-06,23436,0,3,4,2,1989,0,23018.0,23128.0,23152.0,23253.0,24422.0,23907.0,23270.0,240.42393114387764,23018.0,23726.0,23592.214285714286,443.59305303769224,23018.0,24246.0,23716.866666666665,383.6187702909606,23018.0,24422.0,,,,
1989-04-07,23686,0,4,4,2,1989,0,23436.0,23018.0,23128.0,23153.0,24226.0,23873.0,23346.14285714286,278.56921855046863,23018.0,23726.0,23553.64285714286,406.1408636161897,23018.0,24246.0,23710.633333333335,382.5119771244904,23018.0,24422.0,,,,
1989-04-08,23456,0,5,4,2,1989,1,23686.0,23436.0,23018.0,23726.0,23883.0,23869.0,23307.571428571428,232.00851790604966,23018.0,23686.0,23523.14285714286,395.3955871398579,23018.0,24246.0,23696.866666666665,384.04469328033935,23018.0,24422.0,,,,
1989-04-09,23336,0,6,4,2,1989,1,23456.0,23686.0,23436.0,23277.0,23810.0,23885.0,23316.0,231.78438256278034,23018.0,23686.0,23489.285714285714,389.18819425755015,23018.0,24246.0,23678.566666666666,387.832320978294,23018.0,24422.0,,,,
1989-04-10,23628,0,0,4,2,1989,0,23336.0,23456.0,23686.0,23152.0,23780.0,23978.0,23384.0,245.09317955968407,23018.0,23686.0,23478.428571428572,382.51731268727747,23018.0,24246.0,23666.9,383.75713853857934,23018.0,24422.0,,,,
1989-04-11,23381,0,1,4,2,1989,0,23628.0,23336.0,23456.0,23128.0,24246.0,23798.0,23420.14285714286,218.23261944650883,23018.0,23686.0,23416.64285714286,312.43894348591385,23018.0,24203.0,23653.0,386.3878701601597,23018.0,24422.0,,,,
1989-04-12,23726,0,2,4,2,1989,0,23381.0,23628.0,23336.0,23018.0,24203.0,23636.0,23521.285714285714,155.97725719447783,23336.0,23726.0,23382.571428571428,236.98870933369025,23018.0,23726.0,23656.0,386.6006582580081,23018.0,24422.0,,,,
1989-04-13,23925,0,3,4,2,1989,0,23726.0,23381.0,23628.0,23436.0,23253.0,23539.0,23591.14285714286,211.15746775921355,23336.0,23925.0,23430.571428571428,273.90501281275743,23018.0,23925.0,23668.866666666665,388.98840806533485,23018.0,24422.0,,,,
1989-04-14,23752,0,4,4,2,1989,0,23925.0,23726.0,23381.0,23686.0,23153.0,23833.0,23600.571428571428,217.47785875262358,23336.0,23925.0,23473.35714285714,273.9951170656619,23018.0,23925.0,23666.166666666668,388.0899365489689,23018.0,24422.0,,,,
1989-04-15,23761,0,5,4,2,1989,1,23752.0,23925.0,23726.0,23456.0,23726.0,23804.0,23644.14285714286,214.21440083200795,23336.0,23925.0,23475.85714285714,276.6246713350247,23018.0,23925.0,23664.733333333334,387.6424706575368,23018.0,24422.0,,,,
1989-04-16,24100,0,6,4,2,1989,1,23761.0,23752.0,23925.0,23336.0,23277.0,24225.0,23753.285714285714,225.38686318249162,23381.0,24100.0,23534.64285714286,315.79024370930273,23018.0,24100.0,23660.566666666666,382.0440201512664,23018.0,24422.0,,,,
1989-04-17,24032,0,0,4,2,1989,0,24100.0,23761.0,23752.0,23628.0,23152.0,24040.0,23811.0,239.25718380020302,23381.0,24100.0,23597.5,321.30018315013695,23018.0,24100.0,23660.3,381.7727388616675,23018.0,24422.0,,,,
1989-04-18,23679,0,1,4,2,1989,0,24032.0,24100.0,23761.0,23381.0,23128.0,23990.0,23853.571428571428,164.9756114731985,23679.0,24100.0,23636.85714285714,291.7540737683779,23018.0,24100.0,23649.933333333334,376.7000941326509,23018.0,24422.0,,,,
1989-04-19,23999,0,2,4,2,1989,0,23679.0,24032.0,24100.0,23726.0,23018.0,23684.0,23892.571428571428,162.03380011884934,23679.0,24100.0,23706.928571428572,245.8875491219366,23336.0,24100.0,23660.433333333334,382.0347234022916,23018.0,24422.0,,,,
1989-04-20,23605,0,3,4,2,1989,0,23999.0,23679.0,24032.0,23925.0,23436.0,23444.0,23846.85714285714,193.4540673919257,23605.0,24100.0,23719.0,235.4922830680904,23336.0,24100.0,23665.8,380.0150087780215,23018.0,24422.0,,,,
1989-04-21,24038,0,4,4,2,1989,0,23605.0,23999.0,23679.0,23752.0,23686.0,23195.0,23887.714285714286,200.16635938282573,23605.0,24100.0,23744.14285714286,250.03964520817684,23336.0,24100.0,23693.9,375.1377999689258,23018.0,24422.0,,,,
1989-04-22,24031,0,5,4,2,1989,1,24038.0,23605.0,23999.0,23761.0,23456.0,24422.0,23926.285714285714,197.67794876660892,23605.0,24100.0,23785.214285714286,246.2647663894347,23336.0,24100.0,23680.866666666665,355.2334573142155,23018.0,24246.0,,,,
1989-04-23,23513,0,6,4,2,1989,1,24031.0,24038.0,23605.0,24100.0,23336.0,24226.0,23842.428571428572,233.04638818832458,23513.0,24038.0,23797.85714285714,225.05925959550817,23381.0,24100.0,23657.1,341.07318963774156,23018.0,24246.0,,,,
1989-04-24,23389,0,0,4,2,1989,0,23513.0,24031.0,24038.0,24032.0,23628.0,23883.0,23750.571428571428,269.7096322237896,23389.0,24038.0,23780.785714285714,246.93573706891019,23381.0,24100.0,23640.633333333335,341.7151953200953,23018.0,24246.0,,,,
1989-04-25,23708,0,1,4,2,1989,0,23389.0,23513.0,24031.0,23679.0,23381.0,23810.0,23754.714285714286,268.647671548773,23389.0,24038.0,23804.14285714286,220.23339268320635,23389.0,24100.0,23637.233333333334,340.47711790383073,23018.0,24246.0,,,,
1989-04-26,23299,0,2,4,2,1989,0,23708.0,23389.0,23513.0,23999.0,23726.0,23780.0,23654.714285714286,291.84168898322093,23299.0,24038.0,23773.64285714286,258.1852665589956,23299.0,24100.0,23621.2,344.8199330185296,23018.0,24246.0,,,,
1989-04-27,23565,0,3,4,2,1989,0,23299.0,23708.0,23389.0,23605.0,23925.0,24246.0,23649.0,293.3649604162156,23299.0,24038.0,23747.928571428572,259.87288735538567,23299.0,24100.0,23598.5,324.0608446487924,23018.0,24203.0,,,,
1989-04-28,23792,0,4,4,2,1989,0,23565.0,23299.0,23708.0,24038.0,23752.0,24203.0,23613.85714285714,250.61951810892788,23299.0,24031.0,23750.785714285714,260.1408430865204,23299.0,24100.0,23584.8,305.796799784802,23018.0,24100.0,,,,
1989-04-29,23431,0,5,4,2,1989,1,23792.0,23565.0,23299.0,24031.0,23761.0,23253.0,23528.14285714286,175.5281825153793,23299.0,23792.0,23727.214285714286,273.7393984098115,23299.0,24100.0,23590.733333333334,300.82334526674794,23018.0,24100.0,,,,
1989-04-30,23588,0,6,4,2,1989,1,23431.0,23792.0,23565.0,23513.0,24100.0,23153.0,23538.85714285714,176.7346679549663,23299.0,23792.0,23690.64285714286,253.5621929907783,23299.0,24038.0,23605.233333333334,289.2579904816417,23018.0,24100.0,,,,
1989-05-01,23868,0,0,5,2,1989,0,23588.0,23431.0,23792.0,23389.0,24032.0,23726.0,23607.285714285714,200.21298183496123,23299.0,23868.0,23678.928571428572,240.00463594425048,23299.0,24038.0,23609.966666666667,292.4465743526176,23018.0,24100.0,,,,
1989-05-02,24068,0,1,5,2,1989,0,23868.0,23588.0,23431.0,23708.0,23679.0,23277.0,23658.714285714286,265.8669556286483,23299.0,24068.0,23706.714285714286,261.5628850910426,23299.0,24068.0,23636.333333333332,297.0136805549347,23018.0,24100.0,,,,
1989-05-03,23610,0,2,5,2,1989,0,24068.0,23868.0,23588.0,23299.0,23999.0,23152.0,23703.14285714286,217.28355404206192,23431.0,24068.0,23678.928571428572,248.45846713307398,23299.0,24068.0,23651.6,282.6853496319882,23018.0,24100.0,,,,
1989-05-04,23852,0,3,5,2,1989,0,23610.0,24068.0,23868.0,23565.0,23605.0,23128.0,23744.14285714286,213.9239962942027,23431.0,24068.0,23696.571428571428,251.55538135789675,23299.0,24068.0,23675.733333333334,266.9075693469954,23018.0,24100.0,,,,
1989-05-05,24315,0,4,5,2,1989,0,23852.0,23610.0,24068.0,23792.0,24038.0,23018.0,23818.85714285714,305.25750254030936,23431.0,24315.0,23716.35714285714,288.636211583664,23299.0,24315.0,23718.966666666667,261.6871629720837,23299.0,24315.0,,,,
1989-05-06,24052,0,5,5,2,1989,1,24315.0,23852.0,23610.0,23431.0,24031.0,23436.0,23907.571428571428,260.74371653845833,23588.0,24315.0,23717.85714285714,290.44603818766086,23299.0,24315.0,23739.5,262.88305384716386,23299.0,24315.0,,,,
1989-05-07,24153,0,6,5,2,1989,1,24052.0,24315.0,23852.0,23588.0,23513.0,23686.0,23988.285714285714,231.09501241243902,23610.0,24315.0,23763.571428571428,305.6885580218888,23299.0,24315.0,23755.066666666666,273.22895960682416,23299.0,24315.0,,,,
1989-05-08,24401,0,0,5,2,1989,0,24153.0,24052.0,24315.0,23868.0,23389.0,23456.0,24064.428571428572,269.4778018952301,23610.0,24401.0,23835.85714285714,329.0604006147727,23299.0,24401.0,23786.566666666666,291.4286667713124,23299.0,24401.0,,,,
1989-05-09,24272,0,1,5,2,1989,0,24401.0,24153.0,24052.0,24068.0,23708.0,23336.0,24093.571428571428,280.7245726940986,23610.0,24401.0,23876.14285714286,346.27709161281786,23299.0,24401.0,23817.766666666666,291.6316386191529,23299.0,24401.0,,,,
1989-05-10,24057,0,2,5,2,1989,0,24272.0,24401.0,24153.0,23610.0,23299.0,23628.0,24157.428571428572,187.87838011405876,23852.0,24401.0,23930.285714285714,306.01368209016636,23431.0,24401.0,23832.066666666666,292.5221987843382,23299.0,24401.0,,,,
1989-05-11,23696,0,3,5,2,1989,0,24057.0,24272.0,24401.0,23852.0,23565.0,23381.0,24135.14285714286,233.7886713618531,23696.0,24401.0,23939.64285714286,295.81792922802197,23431.0,24401.0,23842.566666666666,281.20757866541516,23299.0,24401.0,,,,
1989-05-12,23783,0,4,5,2,1989,0,23696.0,24057.0,24272.0,24315.0,23792.0,23726.0,24059.14285714286,251.38511529220696,23696.0,24401.0,23939.0,296.173026351944,23431.0,24401.0,23844.466666666667,280.5847014943239,23299.0,24401.0,,,,
1989-05-13,23526,0,5,5,2,1989,1,23783.0,23696.0,24057.0,24052.0,23431.0,23925.0,23984.0,322.44689485247324,23526.0,24401.0,23945.785714285714,284.4969050991536,23526.0,24401.0,23831.166666666668,286.0391923150472,23299.0,24401.0,,,,
1989-05-14,23119,0,6,5,2,1989,1,23526.0,23783.0,23696.0,24153.0,23588.0,23752.0,23836.285714285714,445.48838903153296,23119.0,24401.0,23912.285714285714,349.95085997267086,23119.0,24401.0,23810.066666666666,314.05533592506015,23119.0,24401.0,,,,
1989-05-15,23187,0,0,5,2,1989,0,23119.0,23526.0,23783.0,24401.0,23868.0,23761.0,23662.85714285714,424.8307225909547,23119.0,24272.0,23863.64285714286,400.28885861297414,23119.0,24401.0,23790.933333333334,333.9994769078624,23119.0,24401.0,,,,
1989-05-16,22834,0,1,5,2,1989,0,23187.0,23119.0,23526.0,24272.0,24068.0,24100.0,23457.428571428572,428.8414070270807,22834.0,24057.0,23775.5,479.79478786408794,22834.0,24401.0,23748.733333333334,371.47830802530683,22834.0,24401.0,,,,
1989-05-17,23414,0,2,5,2,1989,0,22834.0,23187.0,23119.0,24057.0,23610.0,24032.0,23365.571428571428,338.32078325306617,22834.0,23783.0,23761.5,487.7883762452797,22834.0,24401.0,23728.133333333335,372.36260908379194,22834.0,24401.0,,,,
1989-05-18,23196,0,3,5,2,1989,0,23414.0,22834.0,23187.0,23696.0,23852.0,23679.0,23294.14285714286,308.38905545402696,22834.0,23783.0,23714.64285714286,509.4528901211117,22834.0,24401.0,23712.033333333333,384.7945697635953,22834.0,24401.0,,,,
1989-05-19,23474,0,4,5,2,1989,0,23196.0,23414.0,22834.0,23783.0,24315.0,23999.0,23250.0,241.64367706746427,22834.0,23526.0,23654.571428571428,482.0636271897587,22834.0,24401.0,23694.533333333333,383.22863737690164,22834.0,24401.0,,,,
1989-05-20,23523,0,5,5,2,1989,1,23474.0,23196.0,23414.0,23526.0,24052.0,23605.0,23249.571428571428,241.0745784627042,22834.0,23523.0,23616.785714285714,469.07292832556226,22834.0,24401.0,23691.8,384.18048919208746,22834.0,24401.0,,,,
1989-05-21,23351,0,6,5,2,1989,1,23523.0,23474.0,23196.0,23119.0,24153.0,24038.0,23282.714285714286,236.02663287982668,22834.0,23523.0,23559.5,447.00331267057453,22834.0,24401.0,23668.9,383.30696710924985,22834.0,24401.0,,,,
1989-05-22,23175,0,0,5,2,1989,0,23351.0,23523.0,23474.0,23187.0,24401.0,24031.0,23281.0,236.87971631192312,22834.0,23523.0,23471.928571428572,385.29817909405267,22834.0,24272.0,23640.366666666665,387.2626733380425,22834.0,24401.0,,,,
1989-05-23,23294,0,1,5,2,1989,0,23175.0,23351.0,23523.0,22834.0,24272.0,23513.0,23346.714285714286,133.41878214324169,23175.0,23523.0,23402.071428571428,310.4754330144345,22834.0,24057.0,23633.066666666666,391.78406555524447,22834.0,24401.0,,,,
1989-05-24,23245,0,2,5,2,1989,0,23294.0,23175.0,23351.0,23414.0,24057.0,23389.0,23322.571428571428,134.50013276685306,23175.0,23523.0,23344.071428571428,248.3451271875668,22834.0,23783.0,23628.266666666666,395.7395463000313,22834.0,24401.0,,,,
1989-05-25,23312,0,3,5,2,1989,0,23245.0,23294.0,23175.0,23196.0,23696.0,23708.0,23339.14285714286,122.95721284451321,23175.0,23523.0,23316.64285714286,226.75320611520178,22834.0,23783.0,23615.066666666666,399.5740778355973,22834.0,24401.0,,,,
1989-05-26,23039,0,4,5,2,1989,0,23312.0,23245.0,23294.0,23474.0,23783.0,23299.0,23277.0,150.3207681371757,23039.0,23523.0,23263.5,193.84361262072466,22834.0,23526.0,23606.4,409.3655814920834,22834.0,24401.0,,,,
1989-05-27,22750,0,5,5,2,1989,1,23039.0,23312.0,23245.0,23523.0,23526.0,23565.0,23166.571428571428,211.11991627423717,22750.0,23351.0,23208.071428571428,221.92218465931748,22750.0,23523.0,23579.233333333334,438.23278991983864,22750.0,24401.0,,,,
1989-05-28,22649,0,6,5,2,1989,1,22750.0,23039.0,23312.0,23351.0,23119.0,23792.0,23066.285714285714,267.98489651831267,22649.0,23312.0,23174.5,267.3360748628692,22649.0,23523.0,23541.133333333335,467.7866986162643,22649.0,24401.0,,,,
1989-05-29,22713,0,0,5,2,1989,0,22649.0,22750.0,23039.0,23175.0,23187.0,23431.0,23000.285714285714,292.5165034009763,22649.0,23312.0,23140.64285714286,294.28782539519585,22649.0,23523.0,23517.2,491.3878586068353,22649.0,24401.0,,,,
1989-05-30,22866,0,1,5,2,1989,0,22713.0,22649.0,22750.0,23294.0,22834.0,23588.0,22939.14285714286,264.2570898270104,22649.0,23312.0,23142.928571428572,291.83701043450566,22649.0,23523.0,23493.133333333335,505.28487924675335,22649.0,24401.0,,,,
1989-05-31,22804,0,2,5,2,1989,0,22866.0,22713.0,22649.0,23245.0,23414.0,23868.0,22876.14285714286,229.4641791736633,22649.0,23312.0,23099.35714285714,293.7829149200319,22649.0,23523.0,23457.666666666668,515.3075635554695,22649.0,24401.0,23414.566666666666,2007.955486827,4967.0,24422.0
1989-06-01,23174,0,3,6,2,1989,0,22804.0,22866.0,22713.0,23312.0,23196.0,24068.0,22856.428571428572,187.9493346117157,22649.0,23174.0,23097.785714285714,293.2846290319069,22649.0,23523.0,23427.866666666665,504.53233609048493,22649.0,24401.0,23616.866666666665,409.16009338946344,22649.0,24422.0
1989-06-02,23203,0,4,6,2,1989,0,23174.0,22804.0,22866.0,23039.0,23474.0,23610.0,22879.85714285714,221.69305249340337,22649.0,23203.0,23078.428571428572,274.91165414079364,22649.0,23523.0,23414.3,504.9378350266313,22649.0,24401.0,23614.244444444445,411.06461700177266,22649.0,24422.0
1989-06-03,23157,0,5,6,2,1989,1,23203.0,23174.0,22804.0,22750.0,23523.0,23852.0,22938.0,234.93545212823446,22649.0,23203.0,23052.285714285714,245.17730744896008,22649.0,23351.0,23391.133333333335,500.08362978766974,22649.0,24401.0,23607.0,413.3327956985782,22649.0,24422.0
1989-06-04,23083,0,6,6,2,1989,1,23157.0,23203.0,23174.0,22649.0,23351.0,24315.0,23000.0,200.73365437820647,22713.0,23203.0,23033.14285714286,230.05646702926612,22649.0,23312.0,23350.066666666666,471.3607545389642,22649.0,24401.0,23600.533333333333,416.95208142213386,22649.0,24422.0
1989-06-05,22908,0,0,6,2,1989,0,23083.0,23157.0,23203.0,22713.0,23175.0,24052.0,23027.85714285714,164.5331056571021,22804.0,23203.0,23014.071428571428,228.45348433653655,22649.0,23312.0,23311.933333333334,458.7214565644872,22649.0,24401.0,23589.433333333334,421.9691146373959,22649.0,24422.0
1989-06-06,22897,0,1,6,2,1989,0,22908.0,23083.0,23157.0,22866.0,23294.0,24153.0,23032.285714285714,159.79957685154525,22804.0,23203.0,22985.714285714286,215.29422750183946,22649.0,23312.0,23270.066666666666,436.06895479193867,22649.0,24401.0,23578.588888888888,427.10977707483056,22649.0,24422.0
1989-06-07,23023,0,2,6,2,1989,0,22897.0,22908.0,23083.0,22804.0,23245.0,24401.0,23063.571428571428,125.38986820172575,22897.0,23203.0,22969.85714285714,202.5247780255419,22649.0,23312.0,23224.133333333335,382.0662276344909,22649.0,24272.0,23569.18888888889,429.9466100757256,22649.0,24422.0
1989-06-08,23176,0,3,6,2,1989,0,23023.0,22897.0,22908.0,23174.0,23312.0,24272.0,23063.85714285714,125.68535922627039,22897.0,23203.0,22960.14285714286,187.5599830794309,22649.0,23203.0,23187.6,326.8193215914824,22649.0,24057.0,23561.31111111111,430.5899961900866,22649.0,24422.0
1989-06-09,22952,0,4,6,2,1989,0,23176.0,23023.0,22897.0,23203.0,23039.0,24057.0,23028.0,114.69670149294431,22897.0,23176.0,22953.928571428572,186.18248462845992,22649.0,23203.0,23150.766666666666,285.0568828089939,22649.0,23783.0,23549.911111111112,433.00911178218234,22649.0,24422.0
1989-06-10,23359,0,5,6,2,1989,1,22952.0,23176.0,23023.0,23157.0,22750.0,23696.0,23056.85714285714,166.34445043494327,22897.0,23359.0,22997.428571428572,205.05823348719372,22649.0,23359.0,23139.533333333333,269.01874480688144,22649.0,23783.0,23545.033333333333,432.65551727582994,22649.0,24422.0
1989-06-11,23100,0,6,6,2,1989,1,23359.0,22952.0,23176.0,23083.0,22649.0,23783.0,23059.285714285714,166.91286577712273,22897.0,23359.0,23029.64285714286,180.00538758728607,22713.0,23359.0,23116.766666666666,240.0233729040325,22649.0,23526.0,23539.077777777777,435.0715872330445,22649.0,24422.0
1989-06-12,23400,0,0,6,2,1989,0,23100.0,23359.0,22952.0,22908.0,22713.0,23526.0,23129.571428571428,193.98355354937678,22897.0,23400.0,23078.714285714286,180.68562948753433,22804.0,23400.0,23112.566666666666,233.6328807948574,22649.0,23523.0,23537.533333333333,435.31851182964357,22649.0,24422.0
1989-06-13,23160,0,1,6,2,1989,0,23400.0,23100.0,23359.0,22897.0,22866.0,23119.0,23167.14285714286,164.6880167382148,22952.0,23400.0,23099.714285714286,170.88026783123888,22804.0,23400.0,23113.933333333334,233.79167463028944,22649.0,23523.0,23530.055555555555,435.9658620052263,22649.0,24422.0
1989-06-14,23411,0,2,6,2,1989,0,23160.0,23400.0,23100.0,23023.0,22804.0,23187.0,23222.571428571428,173.16452402548822,22952.0,23411.0,23143.071428571428,167.0409734562064,22897.0,23411.0,23121.4,239.70781064195018,22649.0,23523.0,23525.68888888889,435.1585955096659,22649.0,24422.0
1989-06-15,23263,0,3,6,2,1989,0,23411.0,23160.0,23400.0,23176.0,23174.0,22834.0,23235.0,172.38522751873973,22952.0,23411.0,23149.428571428572,169.97633965927824,22897.0,23411.0,23135.7,234.71569743135686,22649.0,23523.0,23515.0,429.56725023203586,22649.0,24422.0
1989-06-16,23167,0,4,6,2,1989,0,23263.0,23411.0,23160.0,22952.0,23203.0,23414.0,23265.714285714286,126.64348158745129,23100.0,23411.0,23146.85714285714,169.37480383998806,22897.0,23411.0,23127.466666666667,228.87637580645443,22649.0,23523.0,23505.3,427.4303268015329,22649.0,24422.0
1989-06-17,23306,0,5,6,2,1989,1,23167.0,23263.0,23411.0,23359.0,23157.0,23196.0,23258.14285714286,121.6215832976593,23100.0,23411.0,23157.5,174.6599993834471,22897.0,23411.0,23131.133333333335,230.8844663064359,22649.0,23523.0,23497.7,424.78802248291566,22649.0,24422.0
1989-06-18,23210,0,6,6,2,1989,1,23306.0,23167.0,23263.0,23100.0,23083.0,23474.0,23273.85714285714,103.5461709761829,23160.0,23411.0,23166.571428571428,173.78887026671717,22897.0,23411.0,23122.333333333332,222.23478316990153,22649.0,23523.0,23492.433333333334,425.39023855300434,22649.0,24422.0
1989-06-19,23952,0,0,6,2,1989,0,23210.0,23306.0,23167.0,23400.0,22908.0,23523.0,23352.714285714286,278.3185909982552,23160.0,23952.0,23241.14285714286,257.92361932673936,22897.0,23952.0,23136.633333333335,259.57119591188285,22649.0,23952.0,23498.077777777777,428.10200999446454,22649.0,24422.0
1989-06-20,23811,0,1,6,2,1989,0,23952.0,23210.0,23306.0,23160.0,22897.0,23351.0,23445.714285714286,310.1374503268674,23167.0,23952.0,23306.428571428572,278.93360508186925,22952.0,23952.0,23151.966666666667,285.0107660801744,22649.0,23952.0,23504.922222222223,428.1262605893786,22649.0,24422.0
1989-06-21,23505,0,2,6,2,1989,0,23811.0,23952.0,23210.0,23411.0,23023.0,23175.0,23459.14285714286,310.41876477400814,23167.0,23952.0,23340.85714285714,270.8896616543743,22952.0,23952.0,23162.966666666667,292.2077063976234,22649.0,23952.0,23494.733333333334,416.8180914359606,22649.0,24401.0
1989-06-22,23138,0,3,6,2,1989,0,23505.0,23811.0,23952.0,23263.0,23176.0,23294.0,23441.285714285714,326.7484834373127,23138.0,23952.0,23338.14285714286,272.8518496696412,22952.0,23952.0,23157.766666666666,291.181740064732,22649.0,23952.0,23482.644444444446,411.1094419779213,22649.0,24401.0
1989-06-23,23166,0,4,6,2,1989,0,23138.0,23505.0,23811.0,23167.0,22952.0,23245.0,23441.14285714286,326.88857865816504,23138.0,23952.0,23353.428571428572,254.96325958121182,23100.0,23952.0,23155.133333333335,290.7224927935412,22649.0,23952.0,23474.67777777778,410.21019078543344,22649.0,24401.0
1989-06-24,23012,0,5,6,2,1989,1,23166.0,23138.0,23505.0,23306.0,23359.0,23312.0,23399.14285714286,363.9342562292778,23012.0,23952.0,23328.64285714286,270.7572307843145,23012.0,23952.0,23145.133333333335,290.29993209560223,22649.0,23952.0,23465.81111111111,411.5031064484579,22649.0,24401.0
1989-06-25,23156,0,6,6,2,1989,1,23012.0,23166.0,23138.0,23210.0,23100.0,23039.0,23391.428571428572,369.1466994492852,23012.0,23952.0,23332.64285714286,267.51379752854695,23012.0,23952.0,23149.033333333333,289.61002117988727,22649.0,23952.0,23458.87777777778,411.40673517556434,22649.0,24401.0
1989-06-26,22996,0,0,6,2,1989,0,23156.0,23012.0,23166.0,23952.0,23400.0,22750.0,23254.85714285714,296.97835418960256,22996.0,23811.0,23303.785714285714,281.13237467058894,22996.0,23952.0,23157.233333333334,281.2851888586796,22649.0,23952.0,23444.98888888889,405.59393249579665,22649.0,24401.0
1989-06-27,23723,0,1,6,2,1989,0,22996.0,23156.0,23012.0,23811.0,23160.0,22649.0,23242.285714285714,270.16458828263825,22996.0,23723.0,23344.0,298.70051891487014,22996.0,23952.0,23193.033333333333,282.7122923218651,22713.0,23952.0,23439.655555555557,398.6102588393036,22649.0,24401.0
1989-06-28,23971,0,2,6,2,1989,0,23723.0,22996.0,23156.0,23505.0,23411.0,22713.0,23308.85714285714,380.55154209449165,22996.0,23971.0,23384.0,342.62852725994776,22996.0,23971.0,23234.966666666667,301.7140097479062,22804.0,23971.0,23447.633333333335,402.0031429806162,22649.0,24401.0
1989-06-29,22982,0,3,6,2,1989,0,23971.0,23723.0,22996.0,23138.0,23263.0,22866.0,23286.571428571428,396.46011028556154,22982.0,23971.0,23363.928571428572,358.1414555700235,22982.0,23971.0,23238.833333333332,297.5367938224777,22804.0,23971.0,23445.733333333334,403.81135878420713,22649.0,24401.0
1989-06-30,22387,0,4,6,2,1989,0,22982.0,23971.0,23723.0,23166.0,23167.0,22804.0,23175.285714285714,524.576563933805,22387.0,23971.0,23308.214285714286,441.9885446777852,22387.0,23971.0,23224.933333333334,326.8480542617796,22387.0,23971.0,23430.855555555554,417.79392697624115,22387.0,24401.0
1989-07-01,23605,0,5,7,3,1989,1,22387.0,22982.0,23971.0,23012.0,23306.0,23174.0,23260.0,541.4240482283934,22387.0,23971.0,23329.571428571428,449.04098053275163,22387.0,23971.0,23239.3,333.92773841470154,22387.0,23971.0,23434.5,417.8673315079495,22387.0,24401.0
1989-07-02,22348,0,6,7,3,1989,1,23605.0,22387.0,22982.0,23156.0,23210.0,23203.0,23144.571428571428,643.7522445638381,22348.0,23971.0,23268.0,520.1628443241577,22348.0,23971.0,23210.8,371.50462010400247,22348.0,23971.0,23425.566666666666,432.318807924655,22348.0,24401.0
1989-07-03,22373,0,0,7,3,1989,0,22348.0,23605.0,22387.0,22996.0,23952.0,23157.0,23055.571428571428,707.6137970067551,22348.0,23971.0,23155.214285714286,531.5060139426056,22348.0,23971.0,23184.666666666668,401.7625249283212,22348.0,23971.0,23417.17777777778,445.2884074313642,22348.0,24401.0
1989-07-04,22204,0,1,7,3,1989,0,22373.0,22348.0,23605.0,23723.0,23811.0,23083.0,22838.571428571428,701.7114452401319,22204.0,23971.0,23040.428571428572,552.1131035584053,22204.0,23971.0,23155.366666666665,439.69413219311406,22204.0,23971.0,23408.133333333335,461.4604612568366,22204.0,24401.0
1989-07-05,22211,0,2,7,3,1989,0,22204.0,22373.0,22348.0,23971.0,23505.0,22908.0,22587.14285714286,520.1491544328386,22204.0,23605.0,22948.0,576.147550545879,22204.0,23971.0,23132.133333333335,470.54779033431225,22204.0,23971.0,23394.522222222222,478.3850460764996,22204.0,24401.0
1989-07-06,22197,0,3,7,3,1989,0,22211.0,22204.0,22373.0,22982.0,23138.0,22897.0,22475.0,505.2388873922839,22197.0,23605.0,22880.785714285714,606.3732258362054,22197.0,23971.0,23108.8,499.0990089046995,22197.0,23971.0,23377.977777777778,493.6941230570559,22197.0,24401.0
1989-07-07,22056,0,4,7,3,1989,0,22197.0,22211.0,22204.0,22387.0,23166.0,23023.0,22427.714285714286,529.7426149511668,22056.0,23605.0,22801.5,637.9575281257561,22056.0,23971.0,23076.566666666666,534.7816623976365,22056.0,23971.0,23362.422222222223,512.8908589636701,22056.0,24401.0
1989-07-08,22203,0,5,7,3,1989,1,22056.0,22197.0,22211.0,23605.0,23012.0,23176.0,22227.428571428572,106.03278917874813,22056.0,22373.0,22743.714285714286,653.8648917806448,22056.0,23971.0,23044.133333333335,557.5632163529827,22056.0,23971.0,23349.833333333332,527.250388250321,22056.0,24401.0
1989-07-09,22183,0,6,7,3,1989,1,22203.0,22056.0,22197.0,22348.0,23156.0,22952.0,22203.85714285714,92.19983472806923,22056.0,22373.0,22674.214285714286,658.3667645798313,22056.0,23971.0,23018.5,579.2020521729677,22056.0,23971.0,23333.777777777777,540.5188680255642,22056.0,24401.0
1989-07-10,22282,0,0,7,3,1989,0,22183.0,22203.0,22056.0,22373.0,22996.0,23359.0,22190.85714285714,67.47698020226842,22056.0,22282.0,22623.214285714286,659.1766634418973,22056.0,23971.0,22982.6,590.6338850818621,22056.0,23971.0,23321.566666666666,551.7376442566606,22056.0,24401.0
1989-07-11,22424,0,1,7,3,1989,0,22282.0,22183.0,22203.0,22204.0,23723.0,23100.0,22222.285714285714,111.49546221847304,22056.0,22424.0,22530.428571428572,579.0117195952005,22056.0,23971.0,22960.066666666666,598.8385847410889,22056.0,23971.0,23307.1,558.0474396893347,22056.0,24401.0
1989-07-12,22196,0,2,7,3,1989,0,22424.0,22282.0,22183.0,22211.0,23971.0,23400.0,22220.14285714286,111.89195468791533,22056.0,22424.0,22403.64285714286,408.54914159611457,22056.0,23605.0,22919.933333333334,608.6037685772529,22056.0,23971.0,23287.88888888889,566.2376807588068,22056.0,24401.0
1989-07-13,22137,0,3,7,3,1989,0,22196.0,22424.0,22282.0,22197.0,22982.0,23160.0,22211.571428571428,116.17638478204532,22056.0,22424.0,22343.285714285714,377.79327447928426,22056.0,23605.0,22885.833333333332,623.1739162425328,22056.0,23971.0,23269.944444444445,576.8550995420485,22056.0,24401.0
1989-07-14,22051,0,4,7,3,1989,0,22137.0,22196.0,22424.0,22056.0,22387.0,23411.0,22210.85714285714,117.30221448840179,22051.0,22424.0,22319.285714285714,385.3985806072562,22051.0,23605.0,22840.5,633.0419036083911,22051.0,23971.0,23250.944444444445,588.5422929465373,22051.0,24401.0
1989-07-15,22207,0,5,7,3,1989,1,22051.0,22137.0,22196.0,22203.0,23605.0,23263.0,22211.428571428572,117.26729743493073,22051.0,22424.0,22219.428571428572,107.72594451153078,22051.0,22424.0,22805.3,638.0780489499083,22051.0,23971.0,23229.911111111112,591.6754850848884,22051.0,24401.0
1989-07-16,22346,0,6,7,3,1989,1,22207.0,22051.0,22137.0,22183.0,22348.0,23167.0,22234.714285714286,126.50127046256753,22051.0,22424.0,22219.285714285714,107.54350001569922,22051.0,22424.0,22777.933333333334,639.6342129973809,22051.0,23971.0,23211.17777777778,592.6845908404623,22051.0,24401.0
1989-07-17,22223,0,0,7,3,1989,0,22346.0,22207.0,22051.0,22282.0,22373.0,23306.0,22226.285714285714,124.77942443358766,22051.0,22424.0,22208.571428571428,98.10960455285104,22051.0,22424.0,22741.833333333332,639.3646136559322,22051.0,23971.0,23195.0,599.6024900443765,22051.0,24401.0
1989-07-18,22303,0,1,7,3,1989,0,22223.0,22346.0,22207.0,22424.0,22204.0,23210.0,22209.0,98.42255839020592,22051.0,22346.0,22215.64285714286,101.27161280665919,22051.0,22424.0,22711.6,637.9060356704776,22051.0,23971.0,23176.155555555557,600.7004134895719,22051.0,24401.0
1989-07-19,22300,0,2,7,3,1989,0,22303.0,22223.0,22346.0,22196.0,22211.0,23952.0,22223.85714285714,103.83388748645058,22051.0,22346.0,22222.0,103.7215206510984,22051.0,22424.0,22656.533333333333,597.1383328055101,22051.0,23971.0,23161.655555555557,605.9597858335499,22051.0,24401.0
1989-07-20,22295,0,3,7,3,1989,0,22300.0,22303.0,22223.0,22137.0,22197.0,23811.0,22246.428571428572,98.85992977115224,22051.0,22346.0,22229.0,105.20090669406419,22051.0,22424.0,22606.0,559.0002159027375,22051.0,23971.0,23142.28888888889,605.4900744126494,22051.0,24401.0
1989-07-21,22324,0,4,7,3,1989,0,22295.0,22300.0,22303.0,22051.0,22056.0,23505.0,22285.428571428572,51.344772999353296,22207.0,22346.0,22248.14285714286,95.20815829862487,22051.0,22424.0,22566.633333333335,534.557082744809,22051.0,23971.0,23123.32222222222,604.0726540828823,22051.0,24401.0
1989-07-22,22547,0,5,7,3,1989,1,22324.0,22295.0,22300.0,22207.0,22203.0,23138.0,22334.0,101.30153009736287,22223.0,22547.0,22272.714285714286,122.99620292549181,22051.0,22547.0,22546.933333333334,523.5511985195539,22051.0,23971.0,23112.588888888888,605.6509710646566,22051.0,24401.0
1989-07-23,22310,0,6,7,3,1989,1,22547.0,22324.0,22295.0,22346.0,22183.0,23166.0,22328.85714285714,101.50439821608731,22223.0,22547.0,22281.785714285714,120.52907633339396,22051.0,22547.0,22518.4,511.8438339423702,22051.0,23971.0,23100.6,610.7756681908127,22051.0,24401.0
1989-07-24,22188,0,0,7,3,1989,0,22310.0,22547.0,22324.0,22223.0,22282.0,23012.0,22323.85714285714,108.22727409119318,22188.0,22547.0,22275.071428571428,123.1068730730541,22051.0,22547.0,22490.933333333334,506.5239847494232,22051.0,23971.0,23083.71111111111,614.7933652029998,22051.0,24401.0
1989-07-25,22166,0,1,7,3,1989,0,22188.0,22310.0,22547.0,22303.0,22424.0,23156.0,22304.285714285714,123.88262493979181,22166.0,22547.0,22256.64285714286,118.3154890328301,22051.0,22547.0,22457.933333333334,493.7899828129707,22051.0,23971.0,23071.12222222222,621.8944385979443,22051.0,24401.0
1989-07-26,22229,0,2,7,3,1989,0,22166.0,22188.0,22310.0,22300.0,22196.0,22996.0,22294.14285714286,127.15532309166255,22166.0,22547.0,22259.0,117.33908785432222,22051.0,22547.0,22432.366666666665,484.74354992655606,22051.0,23971.0,23056.277777777777,625.9052954133462,22051.0,24401.0
1989-07-27,22214,0,3,7,3,1989,0,22229.0,22166.0,22188.0,22295.0,22137.0,23723.0,22282.571428571428,130.70049367806004,22166.0,22547.0,22264.5,112.90142058120246,22051.0,22547.0,22382.066666666666,420.19535139424227,22051.0,23971.0,23038.744444444445,627.1649167754514,22051.0,24401.0
1989-07-28,22077,0,4,7,3,1989,0,22214.0,22229.0,22166.0,22324.0,22051.0,23971.0,22247.285714285714,149.62365486549749,22077.0,22547.0,22266.35714285714,109.27495817221487,22077.0,22547.0,22318.933333333334,297.6425689490196,22051.0,23605.0,23023.7,633.8539769102545,22051.0,24401.0
1989-07-29,22123,0,5,7,3,1989,1,22077.0,22214.0,22229.0,22547.0,22207.0,22982.0,22186.714285714286,75.5639117699657,22077.0,22310.0,22260.35714285714,114.94387067876326,22077.0,22547.0,22290.3,271.8568525453407,22051.0,23605.0,23007.422222222223,637.997093751576,22051.0,24401.0
1989-07-30,22125,0,6,7,3,1989,1,22123.0,22077.0,22214.0,22310.0,22346.0,22387.0,22160.285714285714,54.740948371828694,22077.0,22229.0,22244.571428571428,117.42605809998929,22077.0,22547.0,22281.566666666666,272.8497986872543,22051.0,23605.0,22988.055555555555,638.0351221552166,22051.0,24401.0
1989-07-31,22124,0,0,7,3,1989,0,22125.0,22123.0,22077.0,22188.0,22223.0,23605.0,22151.14285714286,54.68524655290912,22077.0,22229.0,22237.5,121.72715391408359,22077.0,22547.0,22232.2,111.29377093203719,22051.0,22547.0,22966.455555555556,633.9569538626524,22051.0,24401.0
1989-08-01,22232,0,1,8,3,1989,0,22124.0,22125.0,22123.0,22166.0,22303.0,22348.0,22160.571428571428,62.766384695112016,22077.0,22232.0,22232.428571428572,120.25851275536766,22077.0,22547.0,22228.333333333332,109.12578421989038,22051.0,22547.0,22951.144444444446,634.8794729659402,22051.0,24401.0
1989-08-02,22166,0,2,8,3,1989,0,22232.0,22124.0,22125.0,22229.0,22300.0,22373.0,22151.571428571428,55.40414287483643,22077.0,22232.0,22222.85714285714,119.79845712568022,22077.0,22547.0,22221.433333333334,106.16729911934122,22051.0,22547.0,22932.411111111112,632.8704873888038,22051.0,24401.0
1989-08-03,22176,0,3,8,3,1989,0,22166.0,22232.0,22124.0,22214.0,22295.0,22204.0,22146.14285714286,49.8512071791587,22077.0,22232.0,22214.35714285714,118.50063754648855,22077.0,22547.0,22220.5,106.44854674181839,22051.0,22547.0,22908.644444444446,620.4067044297433,22051.0,24401.0
1989-08-04,22161,0,4,8,3,1989,0,22176.0,22166.0,22232.0,22077.0,22324.0,22211.0,22158.14285714286,39.46064947791351,22123.0,22232.0,22202.714285714286,114.85069141587483,22077.0,22547.0,22218.833333333332,106.99245327343458,22051.0,22547.0,22887.633333333335,613.2294042584655,22051.0,24401.0
1989-08-05,22212,0,5,8,3,1989,1,22161.0,22176.0,22166.0,22123.0,22547.0,22197.0,22170.85714285714,40.57268609813793,22124.0,22232.0,22178.785714285714,58.84553256892074,22077.0,22310.0,22219.333333333332,106.9219287638019,22051.0,22547.0,22866.066666666666,602.2611289264249,22051.0,24401.0
1989-08-06,22207,0,6,8,3,1989,1,22212.0,22161.0,22176.0,22125.0,22310.0,22056.0,22182.571428571428,36.78703187755465,22124.0,22232.0,22171.428571428572,46.27462219579826,22077.0,22232.0,22224.366666666665,102.42759708044993,22051.0,22547.0,22841.68888888889,583.5459918414816,22051.0,24272.0
1989-08-07,22372,0,0,8,3,1989,0,22207.0,22212.0,22161.0,22124.0,22188.0,22203.0,22218.0,72.78507172998557,22161.0,22372.0,22184.571428571428,70.91350558778224,22077.0,22372.0,22230.0,105.80365680400806,22051.0,22547.0,22820.577777777777,565.3030802448661,22051.0,24057.0
1989-08-08,22349,0,1,8,3,1989,0,22372.0,22207.0,22212.0,22232.0,22166.0,22183.0,22234.714285714286,88.31329512202315,22161.0,22372.0,22197.64285714286,83.05383531458732,22077.0,22372.0,22235.533333333333,107.58660772101904,22051.0,22547.0,22801.6,551.8380482176594,22051.0,23971.0
1989-08-09,22454,0,2,8,3,1989,0,22349.0,22372.0,22207.0,22166.0,22229.0,22282.0,22275.85714285714,114.24451638428182,22161.0,22454.0,22213.714285714286,107.70074535245078,22077.0,22454.0,22241.266666666666,114.50852500511688,22051.0,22547.0,22787.8,544.7036138729885,22051.0,23971.0
1989-08-10,22475,0,3,8,3,1989,0,22454.0,22349.0,22372.0,22176.0,22214.0,22424.0,22318.571428571428,125.97996817358906,22161.0,22475.0,22232.35714285714,128.36163286290608,22077.0,22475.0,22242.966666666667,117.65041240993072,22051.0,22547.0,22773.266666666666,535.2190730717442,22051.0,23971.0
1989-08-11,22584,0,4,8,3,1989,0,22475.0,22454.0,22349.0,22161.0,22077.0,22196.0,22379.0,138.6169782772984,22207.0,22584.0,22268.571428571428,150.72987263816268,22123.0,22584.0,22255.9,132.6762588226294,22051.0,22584.0,22762.8,529.51373071077,22051.0,23971.0
1989-08-12,22575,0,5,8,3,1989,1,22584.0,22475.0,22454.0,22212.0,22123.0,22137.0,22430.85714285714,133.53579866039158,22207.0,22584.0,22300.85714285714,164.89337214044102,22124.0,22584.0,22270.5,142.85023505465242,22051.0,22584.0,22756.755555555555,528.5059354871953,22051.0,23971.0
1989-08-13,22936,0,6,8,3,1989,1,22575.0,22584.0,22475.0,22207.0,22125.0,22051.0,22535.0,198.38010652965883,22349.0,22936.0,22358.785714285714,228.5351945868654,22124.0,22936.0,22300.0,181.97972604016192,22077.0,22936.0,22753.966666666667,526.8697779540503,22051.0,23971.0
1989-08-14,22643,0,0,8,3,1989,0,22936.0,22575.0,22584.0,22372.0,22124.0,22207.0,22573.714285714286,187.40839031898824,22349.0,22936.0,22395.85714285714,229.61199953332448,22161.0,22936.0,22314.533333333333,191.45950023407661,22077.0,22936.0,22751.844444444443,526.9284519819714,22051.0,23971.0
1989-08-15,22385,0,1,8,3,1989,0,22643.0,22936.0,22575.0,22349.0,22232.0,22346.0,22578.85714285714,180.58370964880868,22385.0,22936.0,22406.785714285714,224.8039072243135,22161.0,22936.0,22315.833333333332,191.81260311210266,22077.0,22936.0,22740.411111111112,523.5523625003065,22051.0,23971.0
1989-08-16,22527,0,2,8,3,1989,0,22385.0,22643.0,22936.0,22454.0,22166.0,22223.0,22589.285714285714,174.16535656846284,22385.0,22936.0,22432.571428571428,215.57497867005,22161.0,22936.0,22325.966666666667,194.7467822465874,22077.0,22936.0,22732.977777777778,521.7574014975542,22051.0,23971.0
1989-08-17,22498,0,3,8,3,1989,0,22527.0,22385.0,22643.0,22475.0,22176.0,22303.0,22592.571428571428,171.85154168933292,22385.0,22936.0,22455.571428571428,202.9000186851611,22161.0,22936.0,22332.466666666667,197.1926649914602,22077.0,22936.0,22722.133333333335,516.2968443256999,22051.0,23971.0
1989-08-18,22282,0,4,8,3,1989,0,22498.0,22527.0,22385.0,22584.0,22161.0,22300.0,22549.428571428572,208.3865455853695,22282.0,22936.0,22464.214285714286,191.65240112548554,22207.0,22936.0,22331.866666666665,197.32219990338163,22077.0,22936.0,22708.344444444443,511.21439819692785,22051.0,23971.0
1989-08-19,22276,0,5,8,3,1989,1,22282.0,22498.0,22527.0,22575.0,22212.0,22295.0,22506.714285714286,231.6201734779556,22276.0,22936.0,22468.785714285714,185.84906140843117,22207.0,22936.0,22331.233333333334,197.47504134452143,22077.0,22936.0,22696.4,508.58196338756255,22051.0,23971.0
1989-08-20,22273,0,6,8,3,1989,1,22276.0,22282.0,22498.0,22936.0,22207.0,22324.0,22412.0,146.8718262070454,22273.0,22643.0,22473.5,179.42375710982583,22273.0,22936.0,22329.533333333333,197.75877561648375,22077.0,22936.0,22686.37777777778,507.9316856167129,22051.0,23971.0
1989-08-21,22216,0,0,8,3,1989,0,22273.0,22276.0,22282.0,22643.0,22372.0,22547.0,22351.0,121.40565610133712,22216.0,22527.0,22462.35714285714,190.70178376116868,22216.0,22936.0,22318.5,194.41277629364856,22077.0,22936.0,22674.4,506.14934954511796,22051.0,23971.0
1989-08-22,22193,0,1,8,3,1989,0,22216.0,22273.0,22276.0,22385.0,22349.0,22310.0,22323.571428571428,133.52759657720046,22193.0,22527.0,22451.214285714286,202.05451609045707,22193.0,22936.0,22314.6,195.7580491144636,22077.0,22936.0,22662.71111111111,504.96993445810125,22051.0,23971.0
1989-08-23,22181,0,2,8,3,1989,0,22193.0,22216.0,22273.0,22527.0,22454.0,22188.0,22274.14285714286,107.09719662006758,22181.0,22498.0,22431.714285714286,214.55192255617038,22181.0,22936.0,22314.366666666665,195.91825940379672,22077.0,22936.0,22650.144444444446,502.6981036325457,22051.0,23971.0
1989-08-24,22098,0,3,8,3,1989,0,22181.0,22193.0,22216.0,22498.0,22475.0,22166.0,22217.0,66.9278218187716,22098.0,22282.0,22404.785714285714,231.67655788307363,22098.0,22936.0,22312.1,198.07545584169134,22077.0,22936.0,22639.68888888889,504.30278145254806,22051.0,23971.0
1989-08-25,22149,0,4,8,3,1989,0,22098.0,22181.0,22193.0,22282.0,22584.0,22229.0,22198.0,64.2235678449887,22098.0,22276.0,22373.714285714286,234.93941234401137,22098.0,22936.0,22309.433333333334,199.76411664472627,22077.0,22936.0,22633.01111111111,506.79859914948224,22051.0,23971.0
1989-08-26,22050,0,5,8,3,1989,1,22149.0,22098.0,22181.0,22276.0,22575.0,22214.0,22165.714285714286,74.46635545878057,22050.0,22273.0,22336.214285714286,242.1287574098901,22050.0,22936.0,22303.966666666667,204.6499927686953,22050.0,22936.0,22626.355555555554,510.50590266341163,22050.0,23971.0
1989-08-27,22093,0,6,8,3,1989,1,22050.0,22149.0,22098.0,22273.0,22936.0,22077.0,22140.0,61.12828041703626,22050.0,22216.0,22276.0,177.76215743348624,22050.0,22643.0,22304.5,204.05809686593886,22050.0,22936.0,22619.466666666667,513.4980104553235,22050.0,23971.0
1989-08-28,22223,0,0,8,3,1989,0,22093.0,22050.0,22149.0,22216.0,22643.0,22123.0,22141.0,62.61788881842858,22050.0,22223.0,22246.0,143.12769984025397,22050.0,22527.0,22307.833333333332,201.79523307539066,22050.0,22936.0,22612.32222222222,514.5015222082044,22050.0,23971.0
1989-08-29,22226,0,1,8,3,1989,0,22223.0,22093.0,22050.0,22193.0,22385.0,22125.0,22145.714285714286,68.18043288692274,22050.0,22226.0,22234.64285714286,137.44515389672299,22050.0,22527.0,22311.2,199.46884641380075,22050.0,22936.0,22605.9,515.6880872880323,22050.0,23971.0
1989-08-30,22332,0,2,8,3,1989,0,22226.0,22223.0,22093.0,22181.0,22527.0,22124.0,22167.285714285714,98.39667048218674,22050.0,22332.0,22220.714285714286,113.29840013235477,22050.0,22498.0,22318.133333333335,196.3277929862399,22050.0,22936.0,22596.544444444444,512.8960549380732,22050.0,23971.0
1989-08-31,22236,0,3,8,3,1989,0,22332.0,22226.0,22223.0,22098.0,22498.0,22232.0,22187.0,95.99652771536772,22050.0,22332.0,22202.0,81.01186997562121,22050.0,22332.0,22318.266666666666,196.26862895695015,22050.0,22936.0,22585.8,510.1703218567048,22050.0,23971.0
1989-09-01,22325,0,4,9,3,1989,0,22236.0,22332.0,22226.0,22149.0,22282.0,22166.0,22212.14285714286,106.82295098533513,22050.0,22332.0,22205.071428571428,84.99544267046997,22050.0,22332.0,22323.566666666666,194.1504363992528,22050.0,22936.0,22576.555555555555,507.233299847723,22050.0,23971.0
1989-09-02,22289,0,5,9,3,1989,1,22325.0,22236.0,22332.0,22050.0,22276.0,22176.0,22246.285714285714,81.5714702697893,22093.0,22332.0,22206.0,85.89618062625213,22050.0,22332.0,22327.333333333332,192.27590329654697,22050.0,22936.0,22567.733333333334,505.22681078608827,22050.0,23971.0
1989-09-03,22257,0,6,9,3,1989,1,22289.0,22325.0,22236.0,22093.0,22273.0,22161.0,22269.714285714286,46.006210761596584,22223.0,22332.0,22204.85714285714,85.03832361671046,22050.0,22332.0,22330.533333333333,190.19984650149627,22050.0,22936.0,22560.5,504.9605891841627,22050.0,23971.0
1989-09-04,22185,0,0,9,3,1989,0,22257.0,22289.0,22325.0,22223.0,22216.0,22212.0,22264.285714285714,53.98677086695137,22185.0,22332.0,22202.64285714286,85.12941021492146,22050.0,22332.0,22329.633333333335,190.842864290421,22050.0,22936.0,22552.588888888888,505.20679700527376,22050.0,23971.0
1989-09-05,22194,0,1,9,3,1989,0,22185.0,22257.0,22289.0,22226.0,22193.0,22207.0,22259.714285714286,58.90023849958185,22185.0,22332.0,22202.714285714286,85.12111603843248,22050.0,22332.0,22329.2,191.1454402028522,22050.0,22936.0,22543.37777777778,504.0898033462949,22050.0,23971.0
1989-09-06,22211,0,2,9,3,1989,0,22194.0,22185.0,22257.0,22332.0,22181.0,22372.0,22242.428571428572,51.432341132366886,22185.0,22325.0,22204.85714285714,84.90977758594245,22050.0,22332.0,22323.833333333332,192.15979042835306,22050.0,22936.0,22532.655555555557,500.7342734517399,22050.0,23971.0
1989-09-07,22284,0,3,9,3,1989,0,22211.0,22194.0,22185.0,22236.0,22098.0,22349.0,22249.285714285714,53.58704534345522,22185.0,22325.0,22218.14285714286,81.38215372597834,22050.0,22332.0,22321.666666666668,192.23267750007503,22050.0,22936.0,22525.233333333334,499.3976157849463,22050.0,23971.0
1989-09-08,22228,0,4,9,3,1989,0,22284.0,22211.0,22194.0,22325.0,22149.0,22454.0,22235.428571428572,42.043061825821646,22185.0,22289.0,22223.785714285714,78.9207768018842,22050.0,22332.0,22314.133333333335,191.29391239539606,22050.0,22936.0,22512.666666666668,492.3617469784224,22050.0,23971.0
1989-09-09,22229,0,5,9,3,1989,1,22228.0,22284.0,22211.0,22289.0,22050.0,22475.0,22226.85714285714,34.79189834641755,22185.0,22284.0,22236.571428571428,61.08470069800218,22093.0,22332.0,22305.933333333334,189.42379658490876,22050.0,22936.0,22502.98888888889,489.237712365883,22050.0,23971.0
1989-09-10,22310,0,6,9,3,1989,1,22229.0,22228.0,22284.0,22257.0,22093.0,22584.0,22234.428571428572,46.30643275352387,22185.0,22310.0,22252.071428571428,47.976699931191895,22185.0,22332.0,22296.8,182.0148535052809,22050.0,22936.0,22490.87777777778,480.19050123691136,22050.0,23971.0
1989-09-11,22406,0,0,9,3,1989,0,22310.0,22229.0,22228.0,22185.0,22223.0,22575.0,22266.0,74.02927348963274,22194.0,22406.0,22265.14285714286,62.25241069538245,22185.0,22406.0,22291.166666666668,175.61028234236431,22050.0,22936.0,22482.5,474.93396939038047,22050.0,23971.0
1989-09-12,22361,0,1,9,3,1989,0,22406.0,22310.0,22229.0,22194.0,22226.0,22936.0,22289.85714285714,73.86796457561724,22211.0,22406.0,22274.785714285714,66.0619506123251,22185.0,22406.0,22272.0,127.62769129857325,22050.0,22643.0,22470.833333333332,464.6545472871333,22050.0,23971.0
1989-09-13,22497,0,2,9,3,1989,0,22361.0,22406.0,22310.0,22211.0,22332.0,22643.0,22330.714285714286,98.10150234309057,22228.0,22497.0,22286.571428571428,88.09759822611974,22185.0,22497.0,22267.133333333335,115.16846231777465,22050.0,22527.0,22462.32222222222,456.9326119464214,22050.0,23971.0
1989-09-14,22420,0,3,9,3,1989,0,22497.0,22361.0,22406.0,22284.0,22236.0,22385.0,22350.14285714286,100.73964557482805,22228.0,22497.0,22299.714285714286,93.53027364407784,22185.0,22497.0,22268.3,116.57235432597405,22050.0,22527.0,22454.022222222222,450.7309912430257,22050.0,23971.0
1989-09-15,22252,0,4,9,3,1989,0,22420.0,22497.0,22361.0,22228.0,22325.0,22527.0,22353.571428571428,96.19573300144151,22229.0,22497.0,22294.5,94.04561086569068,22185.0,22497.0,22259.133333333335,105.84690744697737,22050.0,22498.0,22442.31111111111,441.9530618334082,22050.0,23971.0
1989-09-16,22179,0,5,9,3,1989,1,22252.0,22420.0,22497.0,22229.0,22289.0,22498.0,22346.428571428572,108.10620879957966,22179.0,22497.0,22286.64285714286,99.00474514114754,22179.0,22497.0,22248.5,96.6464406108974,22050.0,22497.0,22430.855555555554,435.1401572246205,22050.0,23971.0
1989-09-17,22260,0,6,9,3,1989,1,22179.0,22252.0,22420.0,22310.0,22257.0,22282.0,22339.285714285714,112.47772266233133,22179.0,22497.0,22286.85714285714,98.93887556933886,22179.0,22497.0,22247.766666666666,96.46678303894123,22050.0,22497.0,22412.055555555555,404.12731226601744,22050.0,23971.0
1989-09-18,22200,0,0,9,3,1989,0,22260.0,22179.0,22252.0,22406.0,22185.0,22276.0,22309.85714285714,118.88009164928994,22179.0,22497.0,22287.928571428572,97.82595556620743,22179.0,22497.0,22245.233333333334,96.69742475381703,22050.0,22497.0,22394.155555555557,376.179281639866,22050.0,23971.0
1989-09-19,22258,0,1,9,3,1989,0,22200.0,22260.0,22179.0,22361.0,22194.0,22273.0,22295.14285714286,117.86493480764678,22179.0,22497.0,22292.5,94.53916567316341,22179.0,22497.0,22244.733333333334,96.58761730205937,22050.0,22497.0,22380.3,357.29556738352454,22050.0,23971.0
1989-09-20,22385,0,2,9,3,1989,0,22258.0,22200.0,22260.0,22497.0,22211.0,22216.0,22279.14285714286,90.26706407772116,22179.0,22420.0,22304.928571428572,94.43798476808448,22179.0,22497.0,22250.366666666665,99.73118466858479,22050.0,22497.0,22371.933333333334,348.0501642779921,22050.0,23971.0
1989-09-21,22764,0,3,9,3,1989,0,22385.0,22258.0,22200.0,22420.0,22284.0,22193.0,22328.285714285714,202.98991295621394,22179.0,22764.0,22339.214285714286,154.37027342952175,22179.0,22764.0,22269.4,136.2177769552033,22050.0,22764.0,22367.466666666667,340.2369035860199,22050.0,23971.0
1989-09-22,22471,0,4,9,3,1989,0,22764.0,22385.0,22258.0,22252.0,22228.0,22181.0,22359.571428571428,206.12525087355087,22179.0,22764.0,22356.571428571428,154.56475580250412,22179.0,22764.0,22279.066666666666,139.96648203034462,22050.0,22764.0,22361.455555555556,333.4327134625458,22050.0,23971.0
1989-09-23,22498,0,5,9,3,1989,1,22471.0,22764.0,22385.0,22179.0,22229.0,22098.0,22405.14285714286,194.48429977046044,22200.0,22764.0,22375.785714285714,154.2057459627758,22179.0,22764.0,22292.4,141.1701345772128,22050.0,22764.0,22354.144444444446,322.86148841125527,22050.0,23971.0
1989-09-24,22362,0,6,9,3,1989,1,22498.0,22471.0,22764.0,22260.0,22310.0,22149.0,22419.714285714286,185.40650319941412,22200.0,22764.0,22379.5,153.1217464333309,22179.0,22764.0,22299.5,139.0496686253662,22050.0,22764.0,22347.1,315.5330090106042,22050.0,23971.0
1989-09-25,22402,0,0,9,3,1989,0,22362.0,22498.0,22471.0,22200.0,22406.0,22050.0,22448.571428571428,159.40708593936773,22258.0,22764.0,22379.214285714286,153.07221954237306,22179.0,22764.0,22311.233333333334,131.93981996330905,22093.0,22764.0,22332.422222222223,279.47502864381477,22050.0,23971.0
1989-09-26,22368,0,1,9,3,1989,0,22402.0,22362.0,22498.0,22258.0,22361.0,22093.0,22464.285714285714,141.9562306791528,22362.0,22764.0,22379.714285714286,153.01957067974368,22179.0,22764.0,22320.4,125.65843138964684,22179.0,22764.0,22314.61111111111,218.2472927072366,22050.0,23605.0
1989-09-27,22416,0,2,9,3,1989,0,22368.0,22402.0,22362.0,22385.0,22497.0,22223.0,22468.714285714286,139.53340613857557,22362.0,22764.0,22373.928571428572,149.74001278414363,22179.0,22764.0,22326.833333333332,125.4402133545416,22179.0,22764.0,22308.32222222222,206.64657054644678,22050.0,23605.0
1989-09-28,22531,0,3,9,3,1989,0,22416.0,22368.0,22402.0,22764.0,22420.0,22226.0,22435.428571428572,65.50790573929137,22362.0,22531.0,22381.85714285714,155.2059956925799,22179.0,22764.0,22337.0,129.28690362241585,22179.0,22764.0,22309.922222222223,207.81675310575073,22050.0,23605.0
1989-09-29,22743,0,4,9,3,1989,0,22531.0,22416.0,22368.0,22471.0,22252.0,22332.0,22474.285714285714,134.48260641671243,22362.0,22743.0,22416.928571428572,177.4817278941346,22179.0,22764.0,22350.7,149.01033289789194,22179.0,22764.0,22300.344444444443,162.34892103061947,22050.0,22936.0
1989-09-30,22639,0,5,9,3,1989,1,22743.0,22531.0,22416.0,22498.0,22179.0,22236.0,22494.428571428572,148.45971074451802,22362.0,22743.0,22449.785714285714,172.5573164851359,22200.0,22764.0,22364.133333333335,156.3004916120114,22179.0,22764.0,22303.577777777777,166.1616904277239,22050.0,22936.0
1989-10-01,22688,0,6,10,4,1989,1,22639.0,22743.0,22531.0,22362.0,22260.0,22325.0,22541.0,151.10261414038663,22368.0,22743.0,22480.35714285714,174.25251665460542,22200.0,22764.0,22376.233333333334,166.86060325773576,22179.0,22764.0,22307.077777777777,170.89067586072613,22050.0,22936.0
1989-10-02,22717,0,0,10,4,1989,0,22688.0,22639.0,22743.0,22402.0,22200.0,22289.0,22586.0,149.70637928978545,22368.0,22743.0,22517.285714285714,164.7933104372242,22258.0,22764.0,22390.5,177.12624564571644,22179.0,22764.0,22312.777777777777,175.89608639334534,22050.0,22936.0
1989-10-03,22460,0,1,10,4,1989,0,22717.0,22688.0,22639.0,22368.0,22258.0,22257.0,22599.14285714286,130.13765605644747,22416.0,22743.0,22531.714285714286,148.36982306260492,22362.0,22764.0,22397.266666666666,175.72233844870112,22179.0,22764.0,22315.544444444444,176.23516981906403,22050.0,22936.0
1989-10-04,22484,0,2,10,4,1989,0,22460.0,22717.0,22688.0,22416.0,22385.0,22185.0,22608.85714285714,115.95319252698131,22460.0,22743.0,22538.785714285714,143.10522141287765,22362.0,22764.0,22407.233333333334,171.70116046707932,22179.0,22764.0,22318.733333333334,176.66211003947961,22050.0,22936.0
1989-10-05,22432,0,3,10,4,1989,0,22484.0,22460.0,22717.0,22531.0,22764.0,22194.0,22594.714285714286,131.96428088171587,22432.0,22743.0,22515.071428571428,129.80367677966095,22362.0,22743.0,22415.166666666668,166.9414688535564,22179.0,22764.0,22322.911111111112,174.81532113740815,22050.0,22936.0
1989-10-06,22462,0,4,10,4,1989,0,22432.0,22484.0,22460.0,22743.0,22471.0,22211.0,22554.571428571428,121.67697281878937,22432.0,22717.0,22514.428571428572,130.060763483175,22362.0,22743.0,22423.533333333333,162.58933530221864,22179.0,22764.0,22325.78888888889,174.9509397969492,22050.0,22936.0
1989-10-07,7423,0,5,10,4,1989,1,22462.0,22432.0,22484.0,22639.0,22498.0,22284.0,20380.85714285714,5715.05206825426,7423.0,22717.0,21437.64285714286,4035.7851892050226,7423.0,22743.0,21928.166666666668,2744.282521438211,7423.0,22764.0,22161.78888888889,1580.6988391530767,7423.0,22936.0
